CREATE DATABASE  IF NOT EXISTS `smartz` /*!40100 DEFAULT CHARACTER SET utf8 */;
USE `smartz`;
-- MySQL dump 10.13  Distrib 5.7.17, for Win64 (x86_64)
--
-- Host: 127.0.0.1    Database: smartz
-- ------------------------------------------------------
-- Server version	5.5.5-10.1.32-MariaDB

/*!40101 SET @OLD_CHARACTER_SET_CLIENT=@@CHARACTER_SET_CLIENT */;
/*!40101 SET @OLD_CHARACTER_SET_RESULTS=@@CHARACTER_SET_RESULTS */;
/*!40101 SET @OLD_COLLATION_CONNECTION=@@COLLATION_CONNECTION */;
/*!40101 SET NAMES utf8 */;
/*!40103 SET @OLD_TIME_ZONE=@@TIME_ZONE */;
/*!40103 SET TIME_ZONE='+00:00' */;
/*!40014 SET @OLD_UNIQUE_CHECKS=@@UNIQUE_CHECKS, UNIQUE_CHECKS=0 */;
/*!40014 SET @OLD_FOREIGN_KEY_CHECKS=@@FOREIGN_KEY_CHECKS, FOREIGN_KEY_CHECKS=0 */;
/*!40101 SET @OLD_SQL_MODE=@@SQL_MODE, SQL_MODE='NO_AUTO_VALUE_ON_ZERO' */;
/*!40111 SET @OLD_SQL_NOTES=@@SQL_NOTES, SQL_NOTES=0 */;

--
-- Table structure for table `cultivos`
--

DROP TABLE IF EXISTS `cultivos`;
/*!40101 SET @saved_cs_client     = @@character_set_client */;
/*!40101 SET character_set_client = utf8 */;
CREATE TABLE `cultivos` (
  `id` int(10) unsigned NOT NULL AUTO_INCREMENT,
  `fecha_inicio` datetime NOT NULL,
  `estado` tinyint(4) NOT NULL,
  `dispositivo_id` int(10) unsigned NOT NULL,
  `rutina_cultivo_id` int(10) unsigned NOT NULL,
  `fecha_modificacion` datetime NOT NULL,
  PRIMARY KEY (`id`),
  KEY `fk_cultivos_dispositivo1_idx` (`dispositivo_id`),
  KEY `fk_cultivos_rutinas_cultivo1_idx` (`rutina_cultivo_id`),
  CONSTRAINT `fk_cultivos_dispositivo1` FOREIGN KEY (`dispositivo_id`) REFERENCES `dispositivos` (`id`) ON DELETE NO ACTION ON UPDATE NO ACTION,
  CONSTRAINT `fk_cultivos_rutinas_cultivo1` FOREIGN KEY (`rutina_cultivo_id`) REFERENCES `rutinas_cultivo` (`id`) ON DELETE NO ACTION ON UPDATE NO ACTION
) ENGINE=InnoDB AUTO_INCREMENT=6 DEFAULT CHARSET=utf8;
/*!40101 SET character_set_client = @saved_cs_client */;

--
-- Dumping data for table `cultivos`
--

LOCK TABLES `cultivos` WRITE;
/*!40000 ALTER TABLE `cultivos` DISABLE KEYS */;
INSERT INTO `cultivos` VALUES (1,'2018-08-10 00:00:00',1,1,1,'0000-00-00 00:00:00'),(2,'2018-09-28 00:00:00',0,2,1,'0000-00-00 00:00:00'),(3,'2018-08-15 00:00:00',0,2,2,'2018-10-27 23:38:40'),(4,'2018-10-22 06:54:28',0,1,2,'2018-10-22 06:54:28'),(5,'2018-10-27 22:34:37',1,3,1,'2018-10-27 22:34:37');
/*!40000 ALTER TABLE `cultivos` ENABLE KEYS */;
UNLOCK TABLES;

--
-- Table structure for table `dispositivos`
--

DROP TABLE IF EXISTS `dispositivos`;
/*!40101 SET @saved_cs_client     = @@character_set_client */;
/*!40101 SET character_set_client = utf8 */;
CREATE TABLE `dispositivos` (
  `id` int(10) unsigned NOT NULL AUTO_INCREMENT,
  `codigo` varchar(200) DEFAULT NULL,
  `descripcion` varchar(255) DEFAULT NULL,
  `hora_inicio` time NOT NULL DEFAULT '00:00:00',
  `vaciar` tinyint(4) DEFAULT '0',
  `notificaciones_on` tinyint(4) NOT NULL DEFAULT '1',
  `luz_on` tinyint(4) NOT NULL DEFAULT '1',
  `fecha_vaciado` datetime DEFAULT NULL,
  `estado` tinyint(4) NOT NULL,
  `fecha_alta` datetime NOT NULL,
  `fecha_modificacion` datetime DEFAULT NULL,
  `fecha_baja` datetime DEFAULT NULL,
  PRIMARY KEY (`id`),
  UNIQUE KEY `codigo_UNIQUE` (`codigo`)
) ENGINE=InnoDB AUTO_INCREMENT=4 DEFAULT CHARSET=utf8;
/*!40101 SET character_set_client = @saved_cs_client */;

--
-- Dumping data for table `dispositivos`
--

LOCK TABLES `dispositivos` WRITE;
/*!40000 ALTER TABLE `dispositivos` DISABLE KEYS */;
INSERT INTO `dispositivos` VALUES (1,'123123123','DISP1','00:00:00',0,1,1,NULL,1,'2018-10-10 01:57:25','2018-10-10 01:57:25',NULL),(2,'433234234','disp1','23:30:00',1,0,0,'2018-10-27 20:12:34',2,'2018-10-22 06:50:02','2018-10-27 21:31:41',NULL),(3,'12625275','smartz','00:00:23',1,0,1,NULL,1,'2018-10-27 18:52:07','2018-10-27 22:14:48',NULL);
/*!40000 ALTER TABLE `dispositivos` ENABLE KEYS */;
UNLOCK TABLES;

--
-- Table structure for table `fases`
--

DROP TABLE IF EXISTS `fases`;
/*!40101 SET @saved_cs_client     = @@character_set_client */;
/*!40101 SET character_set_client = utf8 */;
CREATE TABLE `fases` (
  `id` int(10) unsigned NOT NULL AUTO_INCREMENT,
  `nombre` varchar(45) NOT NULL,
  `descripcion` varchar(255) DEFAULT NULL,
  `orden` tinyint(3) unsigned NOT NULL DEFAULT '1',
  PRIMARY KEY (`id`)
) ENGINE=InnoDB AUTO_INCREMENT=3 DEFAULT CHARSET=utf8;
/*!40101 SET character_set_client = @saved_cs_client */;

--
-- Dumping data for table `fases`
--

LOCK TABLES `fases` WRITE;
/*!40000 ALTER TABLE `fases` DISABLE KEYS */;
INSERT INTO `fases` VALUES (1,'Crecimiento','Fase de crecimiento',1),(2,'Floración','Fase de floración',2);
/*!40000 ALTER TABLE `fases` ENABLE KEYS */;
UNLOCK TABLES;

--
-- Table structure for table `fases_rutina_cultivo`
--

DROP TABLE IF EXISTS `fases_rutina_cultivo`;
/*!40101 SET @saved_cs_client     = @@character_set_client */;
/*!40101 SET character_set_client = utf8 */;
CREATE TABLE `fases_rutina_cultivo` (
  `id` int(10) unsigned NOT NULL AUTO_INCREMENT,
  `duracion` tinyint(4) NOT NULL,
  `horas_luz` tinyint(4) DEFAULT NULL,
  `rutina_cultivo_id` int(10) unsigned NOT NULL,
  `fase_id` int(10) unsigned NOT NULL,
  PRIMARY KEY (`id`),
  KEY `fk_fases_rutina_cultivo_rutinas_cultivo1_idx` (`rutina_cultivo_id`),
  KEY `fk_fases_rutina_cultivo_fases1_idx` (`fase_id`),
  CONSTRAINT `fk_fases_rutina_cultivo_fases1` FOREIGN KEY (`fase_id`) REFERENCES `fases` (`id`) ON DELETE NO ACTION ON UPDATE NO ACTION,
  CONSTRAINT `fk_fases_rutina_cultivo_rutinas_cultivo1` FOREIGN KEY (`rutina_cultivo_id`) REFERENCES `rutinas_cultivo` (`id`) ON DELETE NO ACTION ON UPDATE NO ACTION
) ENGINE=InnoDB AUTO_INCREMENT=5 DEFAULT CHARSET=utf8;
/*!40101 SET character_set_client = @saved_cs_client */;

--
-- Dumping data for table `fases_rutina_cultivo`
--

LOCK TABLES `fases_rutina_cultivo` WRITE;
/*!40000 ALTER TABLE `fases_rutina_cultivo` DISABLE KEYS */;
INSERT INTO `fases_rutina_cultivo` VALUES (1,30,10,1,1),(2,50,14,1,2),(3,40,9,2,1),(4,35,13,2,2);
/*!40000 ALTER TABLE `fases_rutina_cultivo` ENABLE KEYS */;
UNLOCK TABLES;

--
-- Table structure for table `mediciones`
--

DROP TABLE IF EXISTS `mediciones`;
/*!40101 SET @saved_cs_client     = @@character_set_client */;
/*!40101 SET character_set_client = utf8 */;
CREATE TABLE `mediciones` (
  `id` int(10) unsigned NOT NULL AUTO_INCREMENT,
  `valor` float NOT NULL,
  `fecha` datetime DEFAULT NULL,
  `cultivo_id` int(10) unsigned NOT NULL,
  `parametro_id` int(10) unsigned NOT NULL,
  `fase_rutina_cultivo_id` int(10) unsigned NOT NULL,
  PRIMARY KEY (`id`),
  KEY `fk_mediciones_cultivos1_idx` (`cultivo_id`),
  KEY `fk_mediciones_parametros1_idx` (`parametro_id`),
  KEY `fk_mediciones_fases_rutina_cultivo1_idx` (`fase_rutina_cultivo_id`),
  CONSTRAINT `fk_mediciones_cultivos1` FOREIGN KEY (`cultivo_id`) REFERENCES `cultivos` (`id`) ON DELETE NO ACTION ON UPDATE NO ACTION,
  CONSTRAINT `fk_mediciones_fases_rutina_cultivo1` FOREIGN KEY (`fase_rutina_cultivo_id`) REFERENCES `fases_rutina_cultivo` (`id`) ON DELETE NO ACTION ON UPDATE NO ACTION,
  CONSTRAINT `fk_mediciones_parametros1` FOREIGN KEY (`parametro_id`) REFERENCES `parametros` (`id`) ON DELETE NO ACTION ON UPDATE NO ACTION
) ENGINE=InnoDB AUTO_INCREMENT=180 DEFAULT CHARSET=utf8;
/*!40101 SET character_set_client = @saved_cs_client */;

--
-- Dumping data for table `mediciones`
--

LOCK TABLES `mediciones` WRITE;
/*!40000 ALTER TABLE `mediciones` DISABLE KEYS */;
INSERT INTO `mediciones` VALUES (1,0,'2018-10-22 08:11:35',4,3,1),(2,0,'2018-10-22 08:12:27',4,3,1),(3,0,'2018-10-22 08:12:27',4,6,1),(4,0,'2018-10-22 08:12:27',4,4,1),(5,0,'2018-10-22 08:12:27',4,5,1),(6,0,'2018-10-22 08:12:27',4,1,1),(7,0,'2018-10-22 08:12:27',4,2,1),(8,99,'2018-10-22 08:12:27',4,7,1),(9,0,'2018-10-22 08:12:27',4,8,1),(10,0,'2018-10-22 08:12:27',4,9,1),(11,161,'2018-10-22 08:12:27',4,10,1),(12,221,'2018-10-22 08:12:27',4,11,1),(13,99,'2018-10-22 08:12:27',4,12,1),(14,0,'2018-10-22 08:12:27',4,13,1),(15,0,'2018-10-22 08:14:41',4,3,1),(16,0,'2018-10-22 08:14:41',4,6,1),(17,0,'2018-10-22 08:14:41',4,4,1),(18,0,'2018-10-22 08:14:41',4,5,1),(19,0,'2018-10-22 08:14:41',4,1,1),(20,0,'2018-10-22 08:14:41',4,2,1),(21,99,'2018-10-22 08:14:41',4,7,1),(22,0,'2018-10-22 08:14:41',4,8,1),(23,0,'2018-10-22 08:14:41',4,9,1),(24,161,'2018-10-22 08:14:41',4,10,1),(25,221,'2018-10-22 08:14:41',4,11,1),(26,99,'2018-10-22 08:14:41',4,12,1),(27,0,'2018-10-22 08:14:41',4,13,1),(28,0,'2018-10-22 08:15:22',4,3,1),(29,0,'2018-10-22 08:15:22',4,6,1),(30,0,'2018-10-22 08:15:22',4,4,1),(31,0,'2018-10-22 08:15:22',4,5,1),(32,0,'2018-10-22 08:15:22',4,1,1),(33,0,'2018-10-22 08:15:22',4,2,1),(34,99,'2018-10-22 08:15:22',4,7,1),(35,0,'2018-10-22 08:15:22',4,8,1),(36,0,'2018-10-22 08:15:22',4,9,1),(37,161,'2018-10-22 08:15:22',4,10,1),(38,221,'2018-10-22 08:15:22',4,11,1),(39,99,'2018-10-22 08:15:22',4,12,1),(40,0,'2018-10-22 08:15:22',4,13,1),(41,0,'2018-10-22 08:15:46',4,3,1),(42,0,'2018-10-22 08:15:46',4,6,1),(43,0,'2018-10-22 08:15:46',4,4,1),(44,0,'2018-10-22 08:15:46',4,5,1),(45,0,'2018-10-22 08:15:46',4,1,1),(46,0,'2018-10-22 08:15:46',4,2,1),(47,99,'2018-10-22 08:15:46',4,7,1),(48,0,'2018-10-22 08:15:46',4,8,1),(49,0,'2018-10-22 08:15:46',4,9,1),(50,161,'2018-10-22 08:15:46',4,10,1),(51,221,'2018-10-22 08:15:46',4,11,1),(52,99,'2018-10-22 08:15:46',4,12,1),(53,0,'2018-10-22 08:15:46',4,13,1),(54,0,'2018-10-22 08:16:29',4,3,1),(55,0,'2018-10-22 08:19:09',4,3,1),(56,0,'2018-10-22 08:19:09',4,6,1),(57,0,'2018-10-22 08:19:09',4,4,1),(58,0,'2018-10-22 08:19:09',4,5,1),(59,0,'2018-10-22 08:19:09',4,1,1),(60,0,'2018-10-22 08:19:09',4,2,1),(61,99,'2018-10-22 08:19:09',4,7,1),(62,0,'2018-10-22 08:19:09',4,8,1),(63,0,'2018-10-22 08:19:09',4,9,1),(64,161,'2018-10-22 08:19:09',4,10,1),(65,221,'2018-10-22 08:19:09',4,11,1),(66,99,'2018-10-22 08:19:09',4,12,1),(67,0,'2018-10-22 08:19:09',4,13,1),(68,0,'2018-10-22 08:19:58',4,3,1),(69,0,'2018-10-22 08:19:58',4,6,1),(70,0,'2018-10-22 08:19:58',4,4,1),(71,0,'2018-10-22 08:19:58',4,5,1),(72,0,'2018-10-22 08:19:58',4,1,1),(73,0,'2018-10-22 08:19:58',4,2,1),(74,99,'2018-10-22 08:19:58',4,7,1),(75,0,'2018-10-22 08:19:58',4,8,1),(76,0,'2018-10-22 08:19:58',4,9,1),(77,161,'2018-10-22 08:19:58',4,10,1),(78,221,'2018-10-22 08:19:58',4,11,1),(79,99,'2018-10-22 08:19:58',4,12,1),(80,0,'2018-10-22 08:19:58',4,13,1),(81,0,'2018-10-22 08:20:29',4,3,1),(82,0,'2018-10-22 08:20:29',4,6,1),(83,0,'2018-10-22 08:20:29',4,4,1),(84,0,'2018-10-22 08:20:29',4,5,1),(85,0,'2018-10-22 08:20:29',4,1,1),(86,0,'2018-10-22 08:20:29',4,2,1),(87,99,'2018-10-22 08:20:29',4,7,1),(88,0,'2018-10-22 08:20:29',4,8,1),(89,0,'2018-10-22 08:20:29',4,9,1),(90,161,'2018-10-22 08:20:29',4,10,1),(91,221,'2018-10-22 08:20:29',4,11,1),(92,99,'2018-10-22 08:20:29',4,12,1),(93,0,'2018-10-22 08:20:29',4,13,1),(94,0,'2018-10-22 08:20:58',4,3,1),(95,0,'2018-10-22 08:25:11',4,3,1),(96,0,'2018-10-22 08:25:11',4,6,1),(97,0,'2018-10-22 08:25:11',4,4,1),(98,0,'2018-10-22 08:25:11',4,5,1),(99,0,'2018-10-22 08:25:11',4,1,1),(100,0,'2018-10-22 08:25:11',4,2,1),(101,99,'2018-10-22 08:25:11',4,7,1),(102,0,'2018-10-22 08:25:11',4,8,1),(103,0,'2018-10-22 08:25:11',4,9,1),(104,161,'2018-10-22 08:25:11',4,10,1),(105,221,'2018-10-22 08:25:11',4,11,1),(106,99,'2018-10-22 08:25:11',4,12,1),(107,0,'2018-10-22 08:25:11',4,13,1),(108,0,'2018-10-22 08:25:40',4,3,1),(109,0,'2018-10-22 08:25:40',4,6,1),(110,0,'2018-10-22 08:25:40',4,4,1),(111,0,'2018-10-22 08:25:40',4,5,1),(112,0,'2018-10-22 08:25:40',4,1,1),(113,0,'2018-10-22 08:25:40',4,2,1),(114,99,'2018-10-22 08:25:40',4,7,1),(115,0,'2018-10-22 08:25:40',4,8,1),(116,0,'2018-10-22 08:25:40',4,9,1),(117,161,'2018-10-22 08:25:40',4,10,1),(118,221,'2018-10-22 08:25:40',4,11,1),(119,99,'2018-10-22 08:25:40',4,12,1),(120,0,'2018-10-22 08:25:40',4,13,1),(121,0,'2018-10-22 08:26:35',4,3,1),(122,0,'2018-10-22 08:26:35',4,6,1),(123,0,'2018-10-22 08:26:35',4,4,1),(124,0,'2018-10-22 08:26:35',4,5,1),(125,0,'2018-10-22 08:26:35',4,1,1),(126,0,'2018-10-22 08:27:05',4,3,1),(127,0,'2018-10-22 08:27:05',4,6,1),(128,0,'2018-10-22 08:27:05',4,4,1),(129,0,'2018-10-22 08:27:05',4,5,1),(130,0,'2018-10-22 08:27:05',4,1,1),(131,0,'2018-10-22 08:27:33',4,3,1),(132,0,'2018-10-22 08:27:33',4,6,1),(133,0,'2018-10-22 08:27:33',4,4,1),(134,0,'2018-10-22 08:27:33',4,5,1),(135,0,'2018-10-22 08:27:33',4,1,1),(136,0,'2018-10-22 08:31:30',4,3,1),(137,0,'2018-10-22 08:31:30',4,6,1),(138,0,'2018-10-22 08:31:30',4,4,1),(139,0,'2018-10-22 08:31:30',4,5,1),(140,0,'2018-10-22 08:31:30',4,1,1),(141,0,'2018-10-22 08:31:30',4,2,1),(142,99,'2018-10-22 08:31:30',4,7,1),(143,0,'2018-10-22 08:31:31',4,8,1),(144,0,'2018-10-22 08:31:31',4,9,1),(145,161,'2018-10-22 08:31:31',4,10,1),(146,221,'2018-10-22 08:31:31',4,11,1),(147,99,'2018-10-22 08:31:31',4,12,1),(148,0,'2018-10-22 08:31:31',4,13,1),(149,0,'2018-10-22 08:35:20',4,3,1),(150,0,'2018-10-22 08:35:20',4,6,1),(151,0,'2018-10-22 08:35:20',4,4,1),(152,0,'2018-10-22 08:35:20',4,5,1),(153,0,'2018-10-22 08:35:20',4,1,1),(154,0,'2018-10-22 08:37:27',4,3,1),(155,0,'2018-10-22 08:37:27',4,6,1),(156,0,'2018-10-22 08:37:27',4,4,1),(157,0,'2018-10-22 08:37:27',4,5,1),(158,0,'2018-10-22 08:37:27',4,1,1),(159,0,'2018-10-22 08:37:27',4,2,1),(160,99,'2018-10-22 08:37:27',4,7,1),(161,0,'2018-10-22 08:37:27',4,8,1),(162,0,'2018-10-22 08:37:27',4,9,1),(163,161,'2018-10-22 08:37:27',4,10,1),(164,221,'2018-10-22 08:37:27',4,11,1),(165,99,'2018-10-22 08:37:27',4,12,1),(166,0,'2018-10-22 08:37:27',4,13,1),(167,0,'2018-10-27 20:12:34',3,3,4),(168,0,'2018-10-27 20:12:34',3,6,4),(169,0,'2018-10-27 20:12:34',3,4,4),(170,0,'2018-10-27 20:12:34',3,5,4),(171,0,'2018-10-27 20:12:34',3,1,4),(172,0,'2018-10-27 20:12:34',3,2,4),(173,99,'2018-10-27 20:12:34',3,7,4),(174,0,'2018-10-27 20:12:34',3,8,4),(175,0,'2018-10-27 20:12:35',3,9,4),(176,161,'2018-10-27 20:12:35',3,10,4),(177,221,'2018-10-27 20:12:35',3,11,4),(178,99,'2018-10-27 20:12:35',3,12,4),(179,0,'2018-10-27 20:12:35',3,13,4);
/*!40000 ALTER TABLE `mediciones` ENABLE KEYS */;
UNLOCK TABLES;

--
-- Table structure for table `notificaciones`
--

DROP TABLE IF EXISTS `notificaciones`;
/*!40101 SET @saved_cs_client     = @@character_set_client */;
/*!40101 SET character_set_client = utf8 */;
CREATE TABLE `notificaciones` (
  `id` int(10) unsigned NOT NULL AUTO_INCREMENT,
  `estado` tinyint(4) NOT NULL,
  `fecha_alta` datetime NOT NULL,
  `tipo_notificacion_id` int(10) unsigned NOT NULL,
  `dispositivo_id` int(10) unsigned NOT NULL,
  `fecha_modificacion` datetime NOT NULL,
  PRIMARY KEY (`id`),
  KEY `fk_notificaciones_tipos_notificaciones1_idx` (`tipo_notificacion_id`),
  KEY `fk_notificaciones_dispositivos1_idx` (`dispositivo_id`),
  CONSTRAINT `fk_notificaciones_dispositivos1` FOREIGN KEY (`dispositivo_id`) REFERENCES `dispositivos` (`id`) ON DELETE NO ACTION ON UPDATE NO ACTION,
  CONSTRAINT `fk_notificaciones_tipos_notificaciones1` FOREIGN KEY (`tipo_notificacion_id`) REFERENCES `tipos_notificacion` (`id`) ON DELETE NO ACTION ON UPDATE NO ACTION
) ENGINE=InnoDB AUTO_INCREMENT=388 DEFAULT CHARSET=utf8;
/*!40101 SET character_set_client = @saved_cs_client */;

--
-- Dumping data for table `notificaciones`
--

LOCK TABLES `notificaciones` WRITE;
/*!40000 ALTER TABLE `notificaciones` DISABLE KEYS */;
INSERT INTO `notificaciones` VALUES (64,1,'2018-10-22 08:06:41',1,3,'2018-10-22 08:06:41'),(65,1,'2018-10-22 08:06:41',2,3,'2018-10-22 08:06:41'),(66,1,'2018-10-22 08:06:41',5,3,'2018-10-22 08:06:41'),(67,1,'2018-10-22 08:06:41',6,3,'2018-10-22 08:06:41'),(68,1,'2018-10-22 08:06:41',7,3,'2018-10-22 08:06:41'),(69,1,'2018-10-22 08:06:41',8,3,'2018-10-22 08:06:41'),(70,1,'2018-10-22 08:06:41',19,3,'2018-10-22 08:06:41'),(71,1,'2018-10-22 08:07:31',1,2,'2018-10-22 08:07:31'),(72,1,'2018-10-22 08:07:31',2,2,'2018-10-22 08:07:31'),(73,1,'2018-10-22 08:07:31',5,2,'2018-10-22 08:07:31'),(74,1,'2018-10-22 08:07:31',6,2,'2018-10-22 08:07:31'),(75,1,'2018-10-22 08:07:31',7,2,'2018-10-22 08:07:31'),(76,1,'2018-10-22 08:07:31',8,2,'2018-10-22 08:07:31'),(77,1,'2018-10-22 08:07:31',19,2,'2018-10-22 08:07:31'),(78,1,'2018-10-22 08:07:47',1,2,'2018-10-22 08:07:47'),(79,1,'2018-10-22 08:07:47',2,2,'2018-10-22 08:07:47'),(80,1,'2018-10-22 08:07:47',5,2,'2018-10-22 08:07:47'),(81,1,'2018-10-22 08:07:47',6,2,'2018-10-22 08:07:47'),(82,1,'2018-10-22 08:07:47',7,2,'2018-10-22 08:07:47'),(83,1,'2018-10-22 08:07:47',8,2,'2018-10-22 08:07:47'),(84,1,'2018-10-22 08:07:47',19,2,'2018-10-22 08:07:47'),(85,1,'2018-10-22 08:07:55',1,2,'2018-10-22 08:07:55'),(86,1,'2018-10-22 08:07:55',2,2,'2018-10-22 08:07:55'),(87,1,'2018-10-22 08:07:55',5,2,'2018-10-22 08:07:55'),(88,1,'2018-10-22 08:07:55',6,2,'2018-10-22 08:07:55'),(89,1,'2018-10-22 08:07:55',7,2,'2018-10-22 08:07:55'),(90,1,'2018-10-22 08:07:55',8,2,'2018-10-22 08:07:55'),(91,1,'2018-10-22 08:07:55',19,2,'2018-10-22 08:07:55'),(92,1,'2018-10-22 08:08:04',1,2,'2018-10-22 08:08:04'),(93,1,'2018-10-22 08:08:04',2,2,'2018-10-22 08:08:04'),(94,1,'2018-10-22 08:08:04',5,2,'2018-10-22 08:08:04'),(95,1,'2018-10-22 08:08:04',6,2,'2018-10-22 08:08:04'),(96,1,'2018-10-22 08:08:04',7,2,'2018-10-22 08:08:04'),(97,1,'2018-10-22 08:08:04',8,2,'2018-10-22 08:08:04'),(98,1,'2018-10-22 08:08:04',19,2,'2018-10-22 08:08:04'),(99,1,'2018-10-22 08:08:14',1,2,'2018-10-22 08:08:14'),(100,1,'2018-10-22 08:08:14',2,2,'2018-10-22 08:08:14'),(101,1,'2018-10-22 08:08:14',5,2,'2018-10-22 08:08:14'),(102,1,'2018-10-22 08:08:14',6,2,'2018-10-22 08:08:14'),(103,1,'2018-10-22 08:08:14',7,2,'2018-10-22 08:08:14'),(104,1,'2018-10-22 08:08:14',8,2,'2018-10-22 08:08:14'),(105,1,'2018-10-22 08:08:14',19,2,'2018-10-22 08:08:14'),(106,1,'2018-10-22 08:10:15',1,2,'2018-10-22 08:10:15'),(107,1,'2018-10-22 08:10:15',2,2,'2018-10-22 08:10:16'),(108,1,'2018-10-22 08:10:16',5,2,'2018-10-22 08:10:16'),(109,1,'2018-10-22 08:10:16',6,2,'2018-10-22 08:10:16'),(110,1,'2018-10-22 08:10:16',7,2,'2018-10-22 08:10:16'),(111,1,'2018-10-22 08:10:16',8,2,'2018-10-22 08:10:16'),(112,1,'2018-10-22 08:10:16',19,2,'2018-10-22 08:10:16'),(113,1,'2018-10-22 08:10:54',1,2,'2018-10-22 08:10:54'),(114,1,'2018-10-22 08:10:54',2,2,'2018-10-22 08:10:54'),(115,1,'2018-10-22 08:10:54',5,2,'2018-10-22 08:10:54'),(116,1,'2018-10-22 08:10:54',6,2,'2018-10-22 08:10:54'),(117,1,'2018-10-22 08:10:54',7,2,'2018-10-22 08:10:54'),(118,1,'2018-10-22 08:10:54',8,2,'2018-10-22 08:10:54'),(119,1,'2018-10-22 08:10:54',19,2,'2018-10-22 08:10:54'),(120,1,'2018-10-22 08:11:15',1,2,'2018-10-22 08:11:15'),(121,1,'2018-10-22 08:11:15',2,2,'2018-10-22 08:11:15'),(122,1,'2018-10-22 08:11:15',5,2,'2018-10-22 08:11:15'),(123,1,'2018-10-22 08:11:15',6,2,'2018-10-22 08:11:15'),(124,1,'2018-10-22 08:11:15',7,2,'2018-10-22 08:11:15'),(125,1,'2018-10-22 08:11:15',8,2,'2018-10-22 08:11:15'),(126,1,'2018-10-22 08:11:15',19,2,'2018-10-22 08:11:15'),(127,1,'2018-10-22 08:11:35',1,2,'2018-10-22 08:11:35'),(128,1,'2018-10-22 08:11:35',2,2,'2018-10-22 08:11:35'),(129,1,'2018-10-22 08:11:35',5,2,'2018-10-22 08:11:35'),(130,1,'2018-10-22 08:11:35',6,2,'2018-10-22 08:11:35'),(131,1,'2018-10-22 08:11:35',7,2,'2018-10-22 08:11:35'),(132,1,'2018-10-22 08:11:35',8,2,'2018-10-22 08:11:35'),(133,1,'2018-10-22 08:11:35',19,2,'2018-10-22 08:11:35'),(134,1,'2018-10-22 08:12:26',1,2,'2018-10-22 08:12:26'),(135,1,'2018-10-22 08:12:26',2,2,'2018-10-22 08:12:26'),(136,1,'2018-10-22 08:12:27',5,2,'2018-10-22 08:12:27'),(137,1,'2018-10-22 08:12:27',6,2,'2018-10-22 08:12:27'),(138,1,'2018-10-22 08:12:27',7,2,'2018-10-22 08:12:27'),(139,1,'2018-10-22 08:12:27',8,2,'2018-10-22 08:12:27'),(140,1,'2018-10-22 08:12:27',19,2,'2018-10-22 08:12:27'),(141,1,'2018-10-22 08:14:41',1,2,'2018-10-22 08:14:41'),(142,1,'2018-10-22 08:14:41',2,2,'2018-10-22 08:14:41'),(143,1,'2018-10-22 08:14:41',5,2,'2018-10-22 08:14:41'),(144,1,'2018-10-22 08:14:41',6,2,'2018-10-22 08:14:41'),(145,1,'2018-10-22 08:14:41',7,2,'2018-10-22 08:14:41'),(146,1,'2018-10-22 08:14:41',8,2,'2018-10-22 08:14:41'),(147,1,'2018-10-22 08:14:41',19,2,'2018-10-22 08:14:41'),(148,1,'2018-10-22 08:15:22',1,2,'2018-10-22 08:15:22'),(149,1,'2018-10-22 08:15:22',2,2,'2018-10-22 08:15:22'),(150,1,'2018-10-22 08:15:22',5,2,'2018-10-22 08:15:22'),(151,1,'2018-10-22 08:15:22',6,2,'2018-10-22 08:15:22'),(152,1,'2018-10-22 08:15:22',7,2,'2018-10-22 08:15:22'),(153,1,'2018-10-22 08:15:22',8,2,'2018-10-22 08:15:22'),(154,1,'2018-10-22 08:15:22',19,2,'2018-10-22 08:15:22'),(155,1,'2018-10-22 08:15:46',1,2,'2018-10-22 08:15:46'),(156,1,'2018-10-22 08:15:46',2,2,'2018-10-22 08:15:46'),(157,1,'2018-10-22 08:15:46',5,2,'2018-10-22 08:15:46'),(158,1,'2018-10-22 08:15:46',6,2,'2018-10-22 08:15:46'),(159,1,'2018-10-22 08:15:46',7,2,'2018-10-22 08:15:46'),(160,1,'2018-10-22 08:15:46',8,2,'2018-10-22 08:15:46'),(161,1,'2018-10-22 08:15:46',19,2,'2018-10-22 08:15:46'),(162,1,'2018-10-22 08:16:29',1,2,'2018-10-22 08:16:29'),(163,1,'2018-10-22 08:16:29',2,2,'2018-10-22 08:16:29'),(164,1,'2018-10-22 08:16:29',5,2,'2018-10-22 08:16:29'),(165,1,'2018-10-22 08:16:29',6,2,'2018-10-22 08:16:29'),(166,1,'2018-10-22 08:16:29',7,2,'2018-10-22 08:16:29'),(167,1,'2018-10-22 08:16:29',8,2,'2018-10-22 08:16:29'),(168,1,'2018-10-22 08:16:29',19,2,'2018-10-22 08:16:29'),(169,1,'2018-10-22 08:19:09',1,2,'2018-10-22 08:19:09'),(170,1,'2018-10-22 08:19:09',2,2,'2018-10-22 08:19:09'),(171,1,'2018-10-22 08:19:09',5,2,'2018-10-22 08:19:09'),(172,1,'2018-10-22 08:19:09',6,2,'2018-10-22 08:19:09'),(173,1,'2018-10-22 08:19:09',7,2,'2018-10-22 08:19:09'),(174,1,'2018-10-22 08:19:09',8,2,'2018-10-22 08:19:09'),(175,1,'2018-10-22 08:19:09',19,2,'2018-10-22 08:19:09'),(176,1,'2018-10-22 08:19:58',1,2,'2018-10-22 08:19:58'),(177,1,'2018-10-22 08:19:58',2,2,'2018-10-22 08:19:58'),(178,1,'2018-10-22 08:19:58',5,2,'2018-10-22 08:19:58'),(179,1,'2018-10-22 08:19:58',6,2,'2018-10-22 08:19:58'),(180,1,'2018-10-22 08:19:58',7,2,'2018-10-22 08:19:58'),(181,1,'2018-10-22 08:19:58',8,2,'2018-10-22 08:19:58'),(182,1,'2018-10-22 08:19:58',19,2,'2018-10-22 08:19:58'),(183,1,'2018-10-22 08:20:29',1,2,'2018-10-22 08:20:29'),(184,1,'2018-10-22 08:20:29',2,2,'2018-10-22 08:20:29'),(185,1,'2018-10-22 08:20:29',5,2,'2018-10-22 08:20:29'),(186,1,'2018-10-22 08:20:29',6,2,'2018-10-22 08:20:29'),(187,1,'2018-10-22 08:20:29',7,2,'2018-10-22 08:20:29'),(188,1,'2018-10-22 08:20:29',8,2,'2018-10-22 08:20:29'),(189,1,'2018-10-22 08:20:29',19,2,'2018-10-22 08:20:29'),(190,1,'2018-10-22 08:20:58',1,2,'2018-10-22 08:20:58'),(191,1,'2018-10-22 08:20:58',2,2,'2018-10-22 08:20:58'),(192,1,'2018-10-22 08:20:58',5,2,'2018-10-22 08:20:58'),(193,1,'2018-10-22 08:20:58',6,2,'2018-10-22 08:20:58'),(194,1,'2018-10-22 08:20:58',7,2,'2018-10-22 08:20:58'),(195,1,'2018-10-22 08:20:58',8,2,'2018-10-22 08:20:58'),(196,1,'2018-10-22 08:20:58',19,2,'2018-10-22 08:20:58'),(197,1,'2018-10-22 08:25:11',1,2,'2018-10-22 08:25:11'),(198,1,'2018-10-22 08:25:11',2,2,'2018-10-22 08:25:11'),(199,1,'2018-10-22 08:25:11',5,2,'2018-10-22 08:25:11'),(200,1,'2018-10-22 08:25:11',6,2,'2018-10-22 08:25:11'),(201,1,'2018-10-22 08:25:11',7,2,'2018-10-22 08:25:11'),(202,1,'2018-10-22 08:25:11',8,2,'2018-10-22 08:25:11'),(203,1,'2018-10-22 08:25:11',19,2,'2018-10-22 08:25:11'),(204,1,'2018-10-22 08:25:40',1,2,'2018-10-22 08:25:40'),(205,1,'2018-10-22 08:25:40',2,2,'2018-10-22 08:25:40'),(206,1,'2018-10-22 08:25:40',5,2,'2018-10-22 08:25:40'),(207,1,'2018-10-22 08:25:40',6,2,'2018-10-22 08:25:40'),(208,1,'2018-10-22 08:25:40',7,2,'2018-10-22 08:25:40'),(209,1,'2018-10-22 08:25:40',8,2,'2018-10-22 08:25:40'),(210,1,'2018-10-22 08:25:40',19,2,'2018-10-22 08:25:40'),(211,1,'2018-10-22 08:26:35',1,2,'2018-10-22 08:26:35'),(212,1,'2018-10-22 08:26:35',2,2,'2018-10-22 08:26:35'),(213,1,'2018-10-22 08:26:35',5,2,'2018-10-22 08:26:35'),(214,1,'2018-10-22 08:26:35',6,2,'2018-10-22 08:26:35'),(215,1,'2018-10-22 08:26:35',7,2,'2018-10-22 08:26:35'),(216,1,'2018-10-22 08:26:35',8,2,'2018-10-22 08:26:35'),(217,1,'2018-10-22 08:26:35',19,2,'2018-10-22 08:26:35'),(218,1,'2018-10-22 08:27:05',1,2,'2018-10-22 08:27:05'),(219,1,'2018-10-22 08:27:05',2,2,'2018-10-22 08:27:05'),(220,1,'2018-10-22 08:27:05',5,2,'2018-10-22 08:27:05'),(221,1,'2018-10-22 08:27:05',6,2,'2018-10-22 08:27:05'),(222,1,'2018-10-22 08:27:05',7,2,'2018-10-22 08:27:05'),(223,1,'2018-10-22 08:27:05',8,2,'2018-10-22 08:27:05'),(224,1,'2018-10-22 08:27:05',19,2,'2018-10-22 08:27:05'),(225,1,'2018-10-22 08:27:33',1,2,'2018-10-22 08:27:33'),(226,1,'2018-10-22 08:27:33',2,2,'2018-10-22 08:27:33'),(227,1,'2018-10-22 08:27:33',5,2,'2018-10-22 08:27:33'),(228,1,'2018-10-22 08:27:33',6,2,'2018-10-22 08:27:33'),(229,1,'2018-10-22 08:27:33',7,2,'2018-10-22 08:27:33'),(230,1,'2018-10-22 08:27:33',8,2,'2018-10-22 08:27:33'),(231,1,'2018-10-22 08:27:33',19,2,'2018-10-22 08:27:33'),(232,1,'2018-10-22 08:31:30',1,2,'2018-10-22 08:31:30'),(233,1,'2018-10-22 08:31:30',2,2,'2018-10-22 08:31:30'),(234,1,'2018-10-22 08:31:30',5,2,'2018-10-22 08:31:30'),(235,1,'2018-10-22 08:31:30',6,2,'2018-10-22 08:31:30'),(236,1,'2018-10-22 08:31:30',7,2,'2018-10-22 08:31:30'),(237,1,'2018-10-22 08:31:30',8,2,'2018-10-22 08:31:30'),(238,1,'2018-10-22 08:31:30',19,2,'2018-10-22 08:31:30'),(239,1,'2018-10-22 08:33:57',1,2,'2018-10-22 08:33:57'),(240,1,'2018-10-22 08:33:57',2,2,'2018-10-22 08:33:57'),(241,1,'2018-10-22 08:33:57',5,2,'2018-10-22 08:33:57'),(242,1,'2018-10-22 08:33:57',6,2,'2018-10-22 08:33:57'),(243,1,'2018-10-22 08:33:57',7,2,'2018-10-22 08:33:57'),(244,1,'2018-10-22 08:33:57',8,2,'2018-10-22 08:33:57'),(245,1,'2018-10-22 08:33:57',19,2,'2018-10-22 08:33:57'),(246,1,'2018-10-22 08:35:20',1,2,'2018-10-22 08:35:20'),(247,1,'2018-10-22 08:35:20',2,2,'2018-10-22 08:35:20'),(248,1,'2018-10-22 08:35:20',5,2,'2018-10-22 08:35:20'),(249,1,'2018-10-22 08:35:20',6,2,'2018-10-22 08:35:20'),(250,1,'2018-10-22 08:35:20',7,2,'2018-10-22 08:35:20'),(251,1,'2018-10-22 08:35:20',8,2,'2018-10-22 08:35:20'),(252,1,'2018-10-22 08:35:20',19,2,'2018-10-22 08:35:20'),(253,1,'2018-10-22 08:37:27',1,2,'2018-10-22 08:37:27'),(254,1,'2018-10-22 08:37:27',2,2,'2018-10-22 08:37:27'),(255,1,'2018-10-22 08:37:27',5,2,'2018-10-22 08:37:27'),(256,1,'2018-10-22 08:37:27',6,2,'2018-10-22 08:37:27'),(257,1,'2018-10-22 08:37:27',7,2,'2018-10-22 08:37:27'),(258,1,'2018-10-22 08:37:27',8,2,'2018-10-22 08:37:27'),(259,1,'2018-10-22 08:37:27',19,2,'2018-10-22 08:37:27'),(260,1,'2018-10-27 18:57:20',1,3,'2018-10-27 18:57:20'),(261,1,'2018-10-27 18:57:20',2,3,'2018-10-27 18:57:20'),(262,1,'2018-10-27 18:57:20',5,3,'2018-10-27 18:57:20'),(263,1,'2018-10-27 18:57:20',6,3,'2018-10-27 18:57:20'),(264,1,'2018-10-27 18:57:20',7,3,'2018-10-27 18:57:20'),(265,1,'2018-10-27 18:57:20',8,3,'2018-10-27 18:57:20'),(266,1,'2018-10-27 18:57:20',10,3,'2018-10-27 18:57:21'),(267,1,'2018-10-27 18:57:21',11,3,'2018-10-27 18:57:21'),(268,1,'2018-10-27 18:59:25',1,3,'2018-10-27 18:59:25'),(269,1,'2018-10-27 18:59:25',2,3,'2018-10-27 18:59:25'),(270,1,'2018-10-27 18:59:25',5,3,'2018-10-27 18:59:25'),(271,1,'2018-10-27 18:59:25',6,3,'2018-10-27 18:59:26'),(272,1,'2018-10-27 18:59:26',7,3,'2018-10-27 18:59:26'),(273,1,'2018-10-27 18:59:26',8,3,'2018-10-27 18:59:26'),(274,1,'2018-10-27 18:59:26',10,3,'2018-10-27 18:59:26'),(275,1,'2018-10-27 18:59:26',11,3,'2018-10-27 18:59:26'),(276,1,'2018-10-27 19:26:32',1,3,'2018-10-27 19:26:32'),(277,1,'2018-10-27 19:26:32',2,3,'2018-10-27 19:26:32'),(278,1,'2018-10-27 19:26:32',5,3,'2018-10-27 19:26:32'),(279,1,'2018-10-27 19:26:32',6,3,'2018-10-27 19:26:32'),(280,1,'2018-10-27 19:26:32',7,3,'2018-10-27 19:26:32'),(281,1,'2018-10-27 19:26:32',8,3,'2018-10-27 19:26:32'),(282,1,'2018-10-27 19:26:33',10,3,'2018-10-27 19:26:33'),(283,1,'2018-10-27 19:26:33',11,3,'2018-10-27 19:26:33'),(284,1,'2018-10-27 19:38:07',1,3,'2018-10-27 19:38:07'),(285,1,'2018-10-27 19:38:08',2,3,'2018-10-27 19:38:08'),(286,1,'2018-10-27 19:38:08',5,3,'2018-10-27 19:38:08'),(287,1,'2018-10-27 19:38:08',6,3,'2018-10-27 19:38:08'),(288,1,'2018-10-27 19:38:08',7,3,'2018-10-27 19:38:08'),(289,1,'2018-10-27 19:38:08',8,3,'2018-10-27 19:38:08'),(290,1,'2018-10-27 19:38:08',10,3,'2018-10-27 19:38:09'),(291,1,'2018-10-27 19:38:09',11,3,'2018-10-27 19:38:09'),(292,1,'2018-10-27 19:39:21',1,2,'2018-10-27 19:39:21'),(293,1,'2018-10-27 19:39:21',2,2,'2018-10-27 19:39:21'),(294,1,'2018-10-27 19:39:21',5,2,'2018-10-27 19:39:21'),(295,1,'2018-10-27 19:39:21',6,2,'2018-10-27 19:39:21'),(296,1,'2018-10-27 19:39:21',7,2,'2018-10-27 19:39:21'),(297,1,'2018-10-27 19:39:21',8,2,'2018-10-27 19:39:22'),(298,1,'2018-10-27 19:39:22',10,2,'2018-10-27 19:39:22'),(299,1,'2018-10-27 19:39:22',11,2,'2018-10-27 19:39:22'),(300,1,'2018-10-27 19:39:56',1,2,'2018-10-27 19:39:56'),(301,1,'2018-10-27 19:39:56',2,2,'2018-10-27 19:39:56'),(302,1,'2018-10-27 19:39:57',5,2,'2018-10-27 19:39:57'),(303,1,'2018-10-27 19:39:57',6,2,'2018-10-27 19:39:57'),(304,1,'2018-10-27 19:39:57',7,2,'2018-10-27 19:39:57'),(305,1,'2018-10-27 19:39:57',8,2,'2018-10-27 19:39:57'),(306,1,'2018-10-27 19:39:57',10,2,'2018-10-27 19:39:57'),(307,1,'2018-10-27 19:39:57',11,2,'2018-10-27 19:39:58'),(308,1,'2018-10-27 19:40:00',1,2,'2018-10-27 19:40:00'),(309,1,'2018-10-27 19:40:01',2,2,'2018-10-27 19:40:01'),(310,1,'2018-10-27 19:40:01',5,2,'2018-10-27 19:40:01'),(311,1,'2018-10-27 19:40:01',6,2,'2018-10-27 19:40:01'),(312,1,'2018-10-27 19:40:01',7,2,'2018-10-27 19:40:01'),(313,1,'2018-10-27 19:40:01',8,2,'2018-10-27 19:40:01'),(314,1,'2018-10-27 19:40:01',10,2,'2018-10-27 19:40:01'),(315,1,'2018-10-27 19:40:01',11,2,'2018-10-27 19:40:01'),(316,1,'2018-10-27 19:40:30',1,2,'2018-10-27 19:40:30'),(317,1,'2018-10-27 19:40:30',2,2,'2018-10-27 19:40:30'),(318,1,'2018-10-27 19:40:30',5,2,'2018-10-27 19:40:30'),(319,1,'2018-10-27 19:40:30',6,2,'2018-10-27 19:40:31'),(320,1,'2018-10-27 19:40:31',7,2,'2018-10-27 19:40:31'),(321,1,'2018-10-27 19:40:31',8,2,'2018-10-27 19:40:31'),(322,1,'2018-10-27 19:40:31',10,2,'2018-10-27 19:40:31'),(323,1,'2018-10-27 19:40:31',11,2,'2018-10-27 19:40:31'),(324,1,'2018-10-27 19:41:44',1,2,'2018-10-27 19:41:44'),(325,1,'2018-10-27 19:41:44',2,2,'2018-10-27 19:41:44'),(326,1,'2018-10-27 19:41:44',5,2,'2018-10-27 19:41:45'),(327,1,'2018-10-27 19:41:45',6,2,'2018-10-27 19:41:45'),(328,1,'2018-10-27 19:41:45',7,2,'2018-10-27 19:41:45'),(329,1,'2018-10-27 19:41:45',8,2,'2018-10-27 19:41:45'),(330,1,'2018-10-27 19:41:45',10,2,'2018-10-27 19:41:45'),(331,1,'2018-10-27 19:41:45',11,2,'2018-10-27 19:41:45'),(332,1,'2018-10-27 19:42:48',1,2,'2018-10-27 19:42:48'),(333,1,'2018-10-27 19:42:48',2,2,'2018-10-27 19:42:48'),(334,1,'2018-10-27 19:42:48',5,2,'2018-10-27 19:42:48'),(335,1,'2018-10-27 19:42:48',6,2,'2018-10-27 19:42:48'),(336,1,'2018-10-27 19:42:48',7,2,'2018-10-27 19:42:48'),(337,1,'2018-10-27 19:42:49',8,2,'2018-10-27 19:42:49'),(338,1,'2018-10-27 19:42:49',10,2,'2018-10-27 19:42:49'),(339,1,'2018-10-27 19:42:49',11,2,'2018-10-27 19:42:49'),(340,1,'2018-10-27 19:52:08',1,2,'2018-10-27 19:52:09'),(341,1,'2018-10-27 19:52:09',2,2,'2018-10-27 19:52:09'),(342,1,'2018-10-27 19:52:09',5,2,'2018-10-27 19:52:09'),(343,1,'2018-10-27 19:52:09',6,2,'2018-10-27 19:52:09'),(344,1,'2018-10-27 19:52:09',7,2,'2018-10-27 19:52:09'),(345,1,'2018-10-27 19:52:09',8,2,'2018-10-27 19:52:09'),(346,1,'2018-10-27 19:52:09',10,2,'2018-10-27 19:52:09'),(347,1,'2018-10-27 19:52:10',11,2,'2018-10-27 19:52:10'),(348,1,'2018-10-27 19:52:47',1,2,'2018-10-27 19:52:47'),(349,1,'2018-10-27 19:52:47',2,2,'2018-10-27 19:52:47'),(350,1,'2018-10-27 19:52:47',5,2,'2018-10-27 19:52:47'),(351,1,'2018-10-27 19:52:47',6,2,'2018-10-27 19:52:47'),(352,1,'2018-10-27 19:52:47',7,2,'2018-10-27 19:52:47'),(353,1,'2018-10-27 19:52:47',8,2,'2018-10-27 19:52:47'),(354,1,'2018-10-27 19:52:47',10,2,'2018-10-27 19:52:48'),(355,1,'2018-10-27 19:52:48',11,2,'2018-10-27 19:52:48'),(356,1,'2018-10-27 20:01:44',1,2,'2018-10-27 20:01:44'),(357,1,'2018-10-27 20:01:44',2,2,'2018-10-27 20:01:44'),(358,1,'2018-10-27 20:01:44',5,2,'2018-10-27 20:01:44'),(359,1,'2018-10-27 20:01:45',6,2,'2018-10-27 20:01:45'),(360,1,'2018-10-27 20:01:45',7,2,'2018-10-27 20:01:45'),(361,1,'2018-10-27 20:01:45',8,2,'2018-10-27 20:01:45'),(362,1,'2018-10-27 20:01:45',10,2,'2018-10-27 20:01:45'),(363,1,'2018-10-27 20:01:45',11,2,'2018-10-27 20:01:45'),(364,1,'2018-10-27 20:02:29',1,2,'2018-10-27 20:02:29'),(365,1,'2018-10-27 20:02:29',2,2,'2018-10-27 20:02:29'),(366,1,'2018-10-27 20:02:29',5,2,'2018-10-27 20:02:29'),(367,1,'2018-10-27 20:02:29',6,2,'2018-10-27 20:02:29'),(368,1,'2018-10-27 20:02:29',7,2,'2018-10-27 20:02:29'),(369,1,'2018-10-27 20:02:29',8,2,'2018-10-27 20:02:29'),(370,1,'2018-10-27 20:02:29',10,2,'2018-10-27 20:02:29'),(371,1,'2018-10-27 20:02:29',11,2,'2018-10-27 20:02:30'),(372,1,'2018-10-27 20:11:41',1,2,'2018-10-27 20:11:41'),(373,1,'2018-10-27 20:11:41',2,2,'2018-10-27 20:11:41'),(374,1,'2018-10-27 20:11:41',5,2,'2018-10-27 20:11:41'),(375,1,'2018-10-27 20:11:41',6,2,'2018-10-27 20:11:41'),(376,1,'2018-10-27 20:11:41',7,2,'2018-10-27 20:11:41'),(377,1,'2018-10-27 20:11:42',8,2,'2018-10-27 20:11:42'),(378,1,'2018-10-27 20:11:42',10,2,'2018-10-27 20:11:42'),(379,1,'2018-10-27 20:11:42',11,2,'2018-10-27 20:11:42'),(380,1,'2018-10-27 20:12:33',1,2,'2018-10-27 20:12:33'),(381,1,'2018-10-27 20:12:33',2,2,'2018-10-27 20:12:33'),(382,1,'2018-10-27 20:12:33',5,2,'2018-10-27 20:12:33'),(383,1,'2018-10-27 20:12:33',6,2,'2018-10-27 20:12:33'),(384,1,'2018-10-27 20:12:33',7,2,'2018-10-27 20:12:33'),(385,1,'2018-10-27 20:12:34',8,2,'2018-10-27 20:12:34'),(386,1,'2018-10-27 20:12:34',10,2,'2018-10-27 20:12:34'),(387,1,'2018-10-27 20:12:34',11,2,'2018-10-27 20:12:34');
/*!40000 ALTER TABLE `notificaciones` ENABLE KEYS */;
UNLOCK TABLES;

--
-- Table structure for table `parametros`
--

DROP TABLE IF EXISTS `parametros`;
/*!40101 SET @saved_cs_client     = @@character_set_client */;
/*!40101 SET character_set_client = utf8 */;
CREATE TABLE `parametros` (
  `id` int(10) unsigned NOT NULL AUTO_INCREMENT,
  `nombre` varchar(45) NOT NULL,
  `descripcion` varchar(255) DEFAULT NULL,
  PRIMARY KEY (`id`)
) ENGINE=InnoDB AUTO_INCREMENT=14 DEFAULT CHARSET=utf8;
/*!40101 SET character_set_client = @saved_cs_client */;

--
-- Dumping data for table `parametros`
--

LOCK TABLES `parametros` WRITE;
/*!40000 ALTER TABLE `parametros` DISABLE KEYS */;
INSERT INTO `parametros` VALUES (1,'pH','MedicionPH'),(2,'CE','MedicionCE'),(3,'Humedad','HumedadAire'),(4,'Temp. Ambiente','TemperaturaAire'),(5,'Temp. Agua','TemperaturaAguaTanquePrincipal'),(6,'CO2','NivelCO2'),(7,'Nivel Tanque Ppal','NivelTanquePrincipal'),(8,'Nivel Tanque Limpia','NivelTanqueLimpia'),(9,'Nivel Tanque Descarte','NivelTanqueDescarte'),(10,'Nivel pH +','NivelPhMas'),(11,'Nivel pH -','NivelPhMenos'),(12,'Nivel Nutriente A','NivelNutrienteA'),(13,'Nivel Nutriente B','NivelNutrienteB');
/*!40000 ALTER TABLE `parametros` ENABLE KEYS */;
UNLOCK TABLES;

--
-- Table structure for table `parametros_fase_cultivo`
--

DROP TABLE IF EXISTS `parametros_fase_cultivo`;
/*!40101 SET @saved_cs_client     = @@character_set_client */;
/*!40101 SET character_set_client = utf8 */;
CREATE TABLE `parametros_fase_cultivo` (
  `id` int(10) unsigned NOT NULL AUTO_INCREMENT,
  `valor_esperado` float NOT NULL,
  `descripcion` varchar(45) NOT NULL,
  `parametro_id` int(10) unsigned NOT NULL,
  `fase_rutina_cultivo_id` int(10) unsigned DEFAULT NULL,
  PRIMARY KEY (`id`),
  KEY `fk_parametros_fase_cultivo_parametros1_idx` (`parametro_id`),
  KEY `fk_parametros_fase_cultivo_fases_rutina_cultivo1_idx` (`fase_rutina_cultivo_id`),
  CONSTRAINT `fk_parametros_fase_cultivo_fases_rutina_cultivo1` FOREIGN KEY (`fase_rutina_cultivo_id`) REFERENCES `fases_rutina_cultivo` (`id`) ON DELETE NO ACTION ON UPDATE NO ACTION,
  CONSTRAINT `fk_parametros_fase_cultivo_parametros1` FOREIGN KEY (`parametro_id`) REFERENCES `parametros` (`id`) ON DELETE NO ACTION ON UPDATE NO ACTION
) ENGINE=InnoDB AUTO_INCREMENT=16 DEFAULT CHARSET=utf8;
/*!40101 SET character_set_client = @saved_cs_client */;

--
-- Dumping data for table `parametros_fase_cultivo`
--

LOCK TABLES `parametros_fase_cultivo` WRITE;
/*!40000 ALTER TABLE `parametros_fase_cultivo` DISABLE KEYS */;
INSERT INTO `parametros_fase_cultivo` VALUES (11,7,'pHaceptable',1,1),(12,6,'pHaceptable',1,2);
/*!40000 ALTER TABLE `parametros_fase_cultivo` ENABLE KEYS */;
UNLOCK TABLES;

--
-- Table structure for table `rutinas_cultivo`
--

DROP TABLE IF EXISTS `rutinas_cultivo`;
/*!40101 SET @saved_cs_client     = @@character_set_client */;
/*!40101 SET character_set_client = utf8 */;
CREATE TABLE `rutinas_cultivo` (
  `id` int(10) unsigned NOT NULL AUTO_INCREMENT,
  `nombre` varchar(45) DEFAULT NULL,
  `descripcion` varchar(255) DEFAULT NULL,
  `estado` tinyint(4) NOT NULL,
  `fecha_alta` datetime NOT NULL,
  `fecha_modificacion` datetime DEFAULT NULL,
  `fecha_baja` datetime DEFAULT NULL,
  PRIMARY KEY (`id`)
) ENGINE=InnoDB AUTO_INCREMENT=3 DEFAULT CHARSET=utf8;
/*!40101 SET character_set_client = @saved_cs_client */;

--
-- Dumping data for table `rutinas_cultivo`
--

LOCK TABLES `rutinas_cultivo` WRITE;
/*!40000 ALTER TABLE `rutinas_cultivo` DISABLE KEYS */;
INSERT INTO `rutinas_cultivo` VALUES (1,'Frutillas','frutillitas',1,'2018-10-10 01:12:40','2018-10-10 01:12:40',NULL),(2,'Lechuga','Lechuguita',1,'2018-10-22 03:24:00','2018-10-22 03:24:00',NULL);
/*!40000 ALTER TABLE `rutinas_cultivo` ENABLE KEYS */;
UNLOCK TABLES;

--
-- Table structure for table `tipos_notificacion`
--

DROP TABLE IF EXISTS `tipos_notificacion`;
/*!40101 SET @saved_cs_client     = @@character_set_client */;
/*!40101 SET character_set_client = utf8 */;
CREATE TABLE `tipos_notificacion` (
  `id` int(10) unsigned NOT NULL AUTO_INCREMENT,
  `titulo` varchar(45) NOT NULL,
  `mensaje` varchar(255) NOT NULL,
  `tipo` tinyint(4) NOT NULL,
  `pos_string` tinyint(4) NOT NULL,
  PRIMARY KEY (`id`)
) ENGINE=InnoDB AUTO_INCREMENT=21 DEFAULT CHARSET=utf8;
/*!40101 SET character_set_client = @saved_cs_client */;

--
-- Dumping data for table `tipos_notificacion`
--

LOCK TABLES `tipos_notificacion` WRITE;
/*!40000 ALTER TABLE `tipos_notificacion` DISABLE KEYS */;
INSERT INTO `tipos_notificacion` VALUES (1,'Alerta','El depósito de pH+ se encuentra en su nivel mínimo. ',0,0),(2,'Alerta','El depósito de pH- se encuentra en su nivel mínimo.',0,1),(3,'Alerta','El depósito del nutriente A se encuentra en su nivel mínimo.',0,2),(4,'Alerta','El depósito del nutriente B se encuentra en su nivel mínimo.',0,3),(5,'Alerta','El tanque principal se encuentra en su nivel mínimo.',0,4),(6,'Alerta','El tanque principal se encuentra en su nivel máximo.',0,5),(7,'Alerta','El receptor se encuentra desconfigurado.',0,6),(8,'Alerta','El receptor se encuentra desconectado.',0,7),(9,'Error','Ha ocurrido un error al obtener la medición de pH',1,0),(10,'Error','Ha ocurrido un error al obtener la medición de CE',1,1),(11,'Error','Ha ocurrido un error al obtener la medición de temperatura ambiental',1,3),(12,'Error','Ha ocurrido un error al obtener la medición de CO2',1,4),(13,'Error','Ha ocurrido un error al obtener el nivel del depósito de pH+',1,5),(14,'Error','Ha ocurrido un error al obtener el nivel del depósito de pH-',1,6),(15,'Error','Ha ocurrido un error al obtener el nivel del depósito del nutriente A',1,7),(16,'Error','Ha ocurrido un error al obtener el nivel del depósito del nutriente B',1,8),(17,'Error','Ha ocurrido un error al obtener el nivel del tanque principal',1,9),(18,'Error','Ha ocurrido un error al obtener la medición de temperatura del agua',1,10),(19,'Error','Ha ocurrido un error al obtener la medición de humedad',1,2),(20,'Error','-',1,11);
/*!40000 ALTER TABLE `tipos_notificacion` ENABLE KEYS */;
UNLOCK TABLES;

--
-- Table structure for table `usuarios_dispositivos`
--

DROP TABLE IF EXISTS `usuarios_dispositivos`;
/*!40101 SET @saved_cs_client     = @@character_set_client */;
/*!40101 SET character_set_client = utf8 */;
CREATE TABLE `usuarios_dispositivos` (
  `id` int(10) unsigned NOT NULL AUTO_INCREMENT,
  `usuario_id` varchar(200) NOT NULL,
  `dispositivo_id` int(10) unsigned NOT NULL,
  PRIMARY KEY (`id`),
  KEY `fk_usuarios_has_dispositivo_dispositivo1_idx` (`dispositivo_id`),
  CONSTRAINT `fk_usuarios_has_dispositivo_dispositivo1` FOREIGN KEY (`dispositivo_id`) REFERENCES `dispositivos` (`id`) ON DELETE NO ACTION ON UPDATE NO ACTION
) ENGINE=InnoDB AUTO_INCREMENT=3 DEFAULT CHARSET=utf8;
/*!40101 SET character_set_client = @saved_cs_client */;

--
-- Dumping data for table `usuarios_dispositivos`
--

LOCK TABLES `usuarios_dispositivos` WRITE;
/*!40000 ALTER TABLE `usuarios_dispositivos` DISABLE KEYS */;
INSERT INTO `usuarios_dispositivos` VALUES (1,'asd123',2),(2,'ZPacvgfC8YMuCUR7yS11lT7qOSG3',3);
/*!40000 ALTER TABLE `usuarios_dispositivos` ENABLE KEYS */;
UNLOCK TABLES;

--
-- Dumping events for database 'smartz'
--

--
-- Dumping routines for database 'smartz'
--
/*!40103 SET TIME_ZONE=@OLD_TIME_ZONE */;

/*!40101 SET SQL_MODE=@OLD_SQL_MODE */;
/*!40014 SET FOREIGN_KEY_CHECKS=@OLD_FOREIGN_KEY_CHECKS */;
/*!40014 SET UNIQUE_CHECKS=@OLD_UNIQUE_CHECKS */;
/*!40101 SET CHARACTER_SET_CLIENT=@OLD_CHARACTER_SET_CLIENT */;
/*!40101 SET CHARACTER_SET_RESULTS=@OLD_CHARACTER_SET_RESULTS */;
/*!40101 SET COLLATION_CONNECTION=@OLD_COLLATION_CONNECTION */;
/*!40111 SET SQL_NOTES=@OLD_SQL_NOTES */;

-- Dump completed on 2018-10-27 20:44:55
